内注外,薬効,分類名,成分名,R7年度カテゴリ分類案
内,333,血液凝固阻止剤,ワルファリンカリウム,A
内,399,他に分類されない代謝性医薬品,シクロスポリン,A
内,399,他に分類されない代謝性医薬品,タクロリムス水和物,A
注,111,全身麻酔剤,プロポフォール,A
注,112,催眠鎮静剤，抗不安剤,ミダゾラム,A
注,122,骨格筋弛緩剤,ロクロニウム臭化物,A
注,211,強心剤,ドパミン塩酸塩,A
注,219,その他の循環器官用薬,アルガトロバン水和物,A
注,221,呼吸促進剤,フルマゼニル,A
注,245,副腎ホルモン剤,アドレナリン,A
注,245,副腎ホルモン剤,ノルアドレナリン,A
注,392,解毒剤,スガマデクスナトリウム,A
注,611,主としてグラム陽性菌に作用する抗生物質製剤,バンコマイシン塩酸塩,A
注,613,主としてグラム陽性・陰性菌に作用する抗生物質製剤,アンピシリンナトリウム・スルバクタムナトリウム,A
注,613,主としてグラム陽性・陰性菌に作用する抗生物質製剤,セファゾリンナトリウム,A
注,613,主としてグラム陽性・陰性菌に作用する抗生物質製剤,セファゾリンナトリウム水和物,A
注,613,主としてグラム陽性・陰性菌に作用する抗生物質製剤,セフトリアキソンナトリウム水和物,A
注,613,主としてグラム陽性・陰性菌に作用する抗生物質製剤,セフメタゾールナトリウム,A
注,613,主としてグラム陽性・陰性菌に作用する抗生物質製剤,タゾバクタム・ピペラシリン水和物,A
注,613,主としてグラム陽性・陰性菌に作用する抗生物質製剤,メロペネム水和物,A
注,631,ワクチン類,インフルエンザＨＡワクチン,A
注,631,ワクチン類,乾燥組換え帯状疱疹ワクチン,A
注,631,ワクチン類,乾燥細胞培養日本脳炎ワクチン,A
注,631,ワクチン類,乾燥弱毒生おたふくかぜワクチン,A
注,631,ワクチン類,乾燥弱毒生水痘ワクチン,A
注,631,ワクチン類,乾燥ＢＣＧワクチン,A
注,631,ワクチン類,組換え沈降９価ヒトパピローマウイルス様粒子ワクチン,A
注,631,ワクチン類,組換え沈降Ｂ型肝炎ワクチン,A
注,631,ワクチン類,コロナウイルス（ＳＡＲＳ－ＣｏＶ－２）ＲＮＡワクチン,A
注,631,ワクチン類,沈降２０価肺炎球菌結合型ワクチン,A
注,636,混合生物学的製剤,乾燥弱毒生麻しん風しん混合ワクチン,A
注,636,混合生物学的製剤,沈降ジフテリア破傷風混合トキソイド,A
注,636,ワクチン類,沈降精製百日せきジフテリア破傷風不活化ポリオヘモフィルスｂ型混合ワクチン,A
外,114,解熱鎮痛消炎剤,アセトアミノフェン,A
外,332,止血剤,トロンビン,A
内,239,その他の消化器官用薬,ポリカルボフィルカルシウム,B
内,245,副腎ホルモン剤,フルドロコルチゾン酢酸エステル,B
内,394,痛風治療剤,コルヒチン,B
内,399,他に分類されない代謝性医薬品,エベロリムス,B
内,399,他に分類されない代謝性医薬品,ヒドロキシクロロキン硫酸塩,B
内,422,代謝拮抗剤,テガフール・ギメラシル・オテラシルカリウム配合剤,B
内,422,代謝拮抗剤,ヒドロキシカルバミド,B
内,429,その他の腫瘍用薬,エベロリムス,B
内,429,その他の腫瘍用薬,パゾパニブ塩酸塩,B
内,625,抗ウイルス剤,バルガンシクロビル塩酸塩,B
注,634,血液製剤類,ｐＨ４処理酸性人免疫グロブリン,B
注,634,血液製剤類,ｐＨ４処理酸性人免疫グロブリン（皮下注射）,B
注,121,局所麻酔剤,ロピバカイン塩酸塩水和物,B
注,219,その他の循環器官用薬,アルプロスタジル,B
注,395,酵素製剤,アスホターゼ　アルファ（遺伝子組換え）,B
注,399,他に分類されない代謝性医薬品,ベリムマブ（遺伝子組換え）,B
注,421,アルキル化剤,テモゾロミド,B
注,422,代謝拮抗剤,フルダラビンリン酸エステル,B
注,424,抗腫瘍性植物成分製剤,カバジタキセル　アセトン付加物,B
注,429,その他の腫瘍用薬,塩化ラジウム（２２３Ｒａ）,B
注,429,その他の腫瘍用薬,ダラツムマブ（遺伝子組換え）,B
注,631,ワクチン類,黄熱ワクチン,B
注,631,ワクチン類,乾燥細胞培養痘そうワクチン,B
注,631,ワクチン類,乾燥組織培養不活化Ａ型肝炎ワクチン,B
注,631,ワクチン類,精製Ｖｉ多糖体腸チフスワクチン,B
注,631,ワクチン類,不活化ポリオワクチン,B
注,631,ワクチン類,４価髄膜炎菌ワクチン,B
注,634,血液製剤類,エプタコグアルファ（活性型）（遺伝子組換え）,B
注,634,血液製剤類,乾燥イオン交換樹脂処理人免疫グロブリン,B
注,634,血液製剤類,乾燥スルホ化人免疫グロブリン,B
注,634,血液製剤類,乾燥人フィブリノゲン,B
注,634,血液製剤類,乾燥ポリエチレングリコール処理人免疫グロブリン,B
注,634,血液製剤類,ヒト血漿由来乾燥血液凝固第ⅩⅢ因子,B
注,634,血液製剤類,人免疫グロブリン,B
注,634,血液製剤類,ポリエチレングリコール処理人免疫グロブリン,B
注,639,その他の生物学的製剤,抗ヒト胸腺細胞ウサギ免疫グロブリン,B
外,112,催眠鎮静剤，抗不安剤,ジアゼパム,B
外,639,その他の生物学的製剤,乾燥ＢＣＧ膀胱内用（日本株）,B
内,112,催眠鎮静剤，抗不安剤,エスゾピクロン,C
内,112,催眠鎮静剤，抗不安剤,臭化カリウム,C
内,112,催眠鎮静剤，抗不安剤,ニトラゼパム,C
内,112,催眠鎮静剤，抗不安剤,フェノバルビタール,C
内,112,催眠鎮静剤，抗不安剤,ロフラゼプ酸エチル,C
内,112,催眠鎮静剤，抗不安剤,ロラゼパム,C
内,113,抗てんかん剤,アセチルフェネトライド,C
内,113,抗てんかん剤,エトスクシミド,C
内,113,抗てんかん剤,ガバペンチン,C
内,113,抗てんかん剤,カルバマゼピン,C
内,113,抗てんかん剤,クロナゼパム,C
内,113,抗てんかん剤,クロバザム,C
内,113,抗てんかん剤,スチリペントール,C
内,113,抗てんかん剤,スルチアム,C
内,113,抗てんかん剤,ゾニサミド,C
内,113,抗てんかん剤,トピラマート,C
内,113,抗てんかん剤,バルプロ酸ナトリウム,C
内,113,抗てんかん剤,ビガバトリン,C
内,113,抗てんかん剤,フェニトイン,C
内,113,抗てんかん剤,フェンフルラミン塩酸塩,C
内,113,抗てんかん剤,プリミドン,C
内,113,抗てんかん剤,ペランパネル水和物,C
内,113,抗てんかん剤,ラコサミド,C
内,113,抗てんかん剤,ラモトリギン,C
内,113,抗てんかん剤,ルフィナミド,C
内,113,抗てんかん剤,レベチラセタム,C
内,114,解熱鎮痛消炎剤,アスピリン,C
内,114,解熱鎮痛消炎剤,アセトアミノフェン,C
内,114,解熱鎮痛消炎剤,ロキソプロフェンナトリウム水和物,C
内,114,解熱鎮痛消炎剤,ワクシニアウイルス接種家兎炎症皮膚抽出液,C
内,116,抗パーキンソン剤,カベルゴリン,C
内,117,精神神経用剤,アトモキセチン塩酸塩,C
内,117,精神神経用剤,アミトリプチリン塩酸塩,C
内,117,精神神経用剤,アリピプラゾール,C
内,117,精神神経用剤,エスシタロプラムシュウ酸塩,C
内,117,精神神経用剤,オランザピン,C
内,117,精神神経用剤,グアンファシン塩酸塩,C
内,117,精神神経用剤,クエチアピンフマル酸塩,C
内,117,精神神経用剤,クロザピン,C
内,117,精神神経用剤,炭酸リチウム,C
内,117,精神神経用剤,デュロキセチン塩酸塩,C
内,117,精神神経用剤,フルボキサミンマレイン酸塩,C
内,117,精神神経用剤,ミルタザピン,C
内,117,精神神経用剤,メチルフェニデート塩酸塩,C
内,117,精神神経用剤,リスデキサンフェタミンメシル酸塩,C
内,117,精神神経用剤,リスペリドン,C
内,119,その他の中枢神経系用薬,メラトニン,C
内,119,その他の中枢神経系用薬,ラメルテオン,C
内,119,催眠鎮静剤，抗不安剤,レンボレキサント,C
内,211,強心剤,ピモベンダン,C
内,211,強心剤,ユビデカレノン,C
内,212,不整脈用剤,アミオダロン塩酸塩,C
内,212,不整脈用剤,カルテオロール塩酸塩,C
内,212,不整脈用剤,ソタロール塩酸塩,C
内,212,不整脈用剤,プロプラノロール塩酸塩,C
内,212,不整脈用剤,ベプリジル塩酸塩水和物,C
内,213,利尿剤,アセタゾラミド,C
内,213,利尿剤,スピロノラクトン,C
内,213,利尿剤,トリクロルメチアジド,C
内,213,利尿剤,フロセミド,C
内,214,血圧降下剤,アジルサルタン,C
内,214,その他の泌尿生殖器官及び肛門用薬,ウラピジル,C
内,214,血圧降下剤,エプレレノン,C
内,214,血圧降下剤,オルメサルタンメドキソミル,C
内,214,血圧降下剤,カプトプリル,C
内,214,血圧降下剤,カルベジロール,C
内,214,血圧降下剤,ドキサゾシンメシル酸塩,C
内,214,血圧降下剤,メチルドパ水和物,C
内,216,血管収縮剤,スマトリプタンコハク酸塩,C
内,217,血管拡張剤,アムロジピンベシル酸塩,C
内,217,血管拡張剤,ジルチアゼム塩酸塩,C
内,217,血管拡張剤,ニフェジピン,C
内,217,血管拡張剤,ベラパミル塩酸塩,C
内,218,高脂血症用剤,エゼチミブ,C
内,218,高脂血症用剤,コレスチミド,C
内,218,高脂血症用剤,ピタバスタチンカルシウム,C
内,218,高脂血症用剤,ペマフィブラート,C
内,218,高脂血症用剤,ロミタピドメシル酸塩,C
内,219,その他の循環器官用薬,アンブリセンタン,C
内,219,その他の循環器官用薬,クエン酸第二鉄水和物,C
内,219,その他の循環器官用薬,サクビトリルバルサルタンナトリウム水和物,C
内,219,その他の循環器官用薬,ジルコニウムシクロケイ酸ナトリウム水和物,C
内,219,その他の循環器官用薬,シルデナフィルクエン酸塩,C
内,219,その他の循環器官用薬,スクロオキシ水酸化鉄,C
内,219,その他の循環器官用薬,タダラフィル,C
内,219,その他の循環器官用薬,炭酸ランタン水和物,C
内,219,その他の循環器官用薬,沈降炭酸カルシウム,C
内,219,その他の循環器官用薬,ポリスチレンスルホン酸カルシウム,C
内,222,鎮咳剤,デキストロメトルファン臭化水素酸塩水和物,C
内,223,去たん剤,Ｌ－カルボシステイン,C
内,224,鎮咳去たん剤,チペピジンヒベンズ酸塩,C
内,225,気管支拡張剤,テオフィリン,C
内,231,止しゃ剤，整腸剤,酪酸菌,C
内,231,止しゃ剤，整腸剤,ロペラミド塩酸塩,C
内,232,消化性潰瘍用剤,ボノプラザンフマル酸塩,C
内,233,健胃消化剤,パンクレリパーゼ,C
内,234,制酸剤,炭酸水素ナトリウム,C
内,236,利胆剤,ウルソデオキシコール酸,C
内,239,その他の消化器官用薬,アプレピタント,C
内,239,その他の消化器官用薬,メサラジン,C
内,241,脳下垂体ホルモン剤,デスモプレシン酢酸塩水和物,C
内,243,甲状腺，副甲状腺ホルモン剤,チアマゾール,C
内,243,甲状腺，副甲状腺ホルモン剤,プロピルチオウラシル,C
内,243,甲状腺，副甲状腺ホルモン剤,レボチロキシンナトリウム水和物,C
内,245,副腎ホルモン剤,デキサメタゾン,C
内,245,副腎ホルモン剤,ヒドロコルチゾン,C
内,245,副腎ホルモン剤,プレドニゾロン,C
内,247,卵胞ホルモン及び黄体ホルモン剤,エストラジオール,C
内,247,卵胞ホルモン及び黄体ホルモン剤,クロルマジノン酢酸エステル,C
内,247,卵胞ホルモン及び黄体ホルモン剤,結合型エストロゲン,C
内,247,卵胞ホルモン及び黄体ホルモン剤,ジドロゲステロン,C
内,247,卵胞ホルモン及び黄体ホルモン剤,メドロキシプロゲステロン酢酸エステル,C
内,248,混合ホルモン剤,ドロスピレノン・エチニルエストラジオール　ベータデクス,C
内,248,混合ホルモン剤,ノルエチステロン・エチニルエストラジオール,C
内,248,混合ホルモン剤,ノルゲストレル・エチニルエストラジオール,C
内,248,混合ホルモン剤,レボノルゲストレル・エチニルエストラジオール,C
内,249,その他のホルモン剤（抗ホルモン剤を含む。）,クロミフェンクエン酸塩,C
内,249,その他のホルモン剤（抗ホルモン剤を含む。）,ジエノゲスト,C
内,249,その他のホルモン剤（抗ホルモン剤を含む。）,セマグルチド（遺伝子組換え）,C
内,249,その他のホルモン剤（抗ホルモン剤を含む。）,ミトタン,C
内,249,その他のホルモン剤（抗ホルモン剤を含む。）,レルゴリクス,C
内,259,その他の泌尿生殖器官及び肛門用薬,コハク酸ソリフェナシン,C
内,259,その他の泌尿生殖器官及び肛門用薬,タムスロシン塩酸塩,C
内,259,その他の泌尿生殖器官及び肛門用薬,ミラベグロン,C
内,269,その他の外皮用薬,ジアフェニルスルホン,C
内,290,その他の個々の器官系用医薬品,プロプラノロール塩酸塩,C
内,311,ビタミンＡ及びＤ剤,アルファカルシドール,C
内,311,ビタミンＡ及びＤ剤,カルシトリオール,C
内,313,ビタミンＢ剤（ビタミンＢ１剤を除く。）,コバマミド,C
内,313,ビタミンＢ剤（ビタミンＢ１剤を除く。）,リボフラビン酪酸エステル,C
内,314,ビタミンＣ剤,アスコルビン酸,C
内,315,ビタミンＥ剤,トコフェロール酢酸エステル,C
内,316,ビタミンＫ剤,メナテトレノン,C
内,317,混合ビタミン剤（ビタミンＡ・Ｄ混合製剤を除く。）,レチノール・カルシフェロール配合剤,C
内,319,その他のビタミン剤,ビオチン,C
内,321,カルシウム剤,乳酸カルシウム水和物,C
内,322,無機質製剤,塩化カリウム,C
内,322,無機質製剤,ヨウ化カリウム,C
内,322,無機質製剤,リン酸二水素ナトリウム一水和物・無水リン酸水素二ナトリウム,C
内,325,たん白アミノ酸製剤,イソロイシン・ロイシン・バリン,C
内,325,たん白アミノ酸製剤,経腸成分栄養剤,C
内,327,乳幼児用剤,フェニルアラニン除去ミルク,C
内,327,乳幼児用剤,ロイシン・イソロイシン・バリン除去ミルク,C
内,333,血液凝固阻止剤,アピキサバン,C
内,333,血液凝固阻止剤,エドキサバントシル酸塩水和物,C
内,333,血液凝固阻止剤,リバーロキサバン,C
内,339,その他の血液・体液用薬,アスピリン,C
内,339,その他の血液・体液用薬,クロピドグレル硫酸塩,C
内,339,その他の血液・体液用薬,シロスタゾール,C
内,391,肝臓疾患用剤,チオプロニン,C
内,392,解毒剤,アセチルシステイン,C
内,392,解毒剤,球形吸着炭,C
内,392,解毒剤,酢酸亜鉛水和物,C
内,392,解毒剤,システアミン酒石酸塩,C
内,392,解毒剤,デフェラシロクス,C
内,392,解毒剤,トリエンチン塩酸塩,C
内,392,解毒剤,ペニシラミン,C
内,394,痛風治療剤,アロプリノール,C
内,394,痛風治療剤,クエン酸カリウム・クエン酸ナトリウム水和物,C
内,394,痛風治療剤,フェブキソスタット,C
内,396,糖尿病用剤,グリベンクラミド,C
内,396,糖尿病用剤,グリメピリド,C
内,396,糖尿病用剤,シタグリプチンリン酸塩水和物,C
内,396,糖尿病用剤,ダパグリフロジンプロピレングリコール水和物,C
内,396,糖尿病用剤,メトホルミン塩酸塩,C
内,399,他に分類されない代謝性医薬品,アザチオプリン,C
内,399,他に分類されない代謝性医薬品,アレンドロン酸ナトリウム水和物,C
内,399,他に分類されない代謝性医薬品,ウパダシチニブ水和物,C
内,399,他に分類されない代謝性医薬品,エボカルセト,C
内,399,他に分類されない代謝性医薬品,エルトロンボパグ　オラミン,C
内,399,他に分類されない代謝性医薬品,カルグルミン酸,C
内,399,他に分類されない代謝性医薬品,サプロプテリン塩酸塩,C
内,399,他に分類されない代謝性医薬品,ジアゾキシド,C
内,399,他に分類されない代謝性医薬品,シナカルセト塩酸塩,C
内,399,他に分類されない代謝性医薬品,ダプロデュスタット,C
内,399,他に分類されない代謝性医薬品,ニチシノン,C
内,399,他に分類されない代謝性医薬品,ニンテダニブエタンスルホン酸塩,C
内,399,他に分類されない代謝性医薬品,バリシチニブ,C
内,399,他に分類されない代謝性医薬品,フィンゴリモド塩酸塩,C
内,399,他に分類されない代謝性医薬品,フェニル酪酸ナトリウム,C
内,399,他に分類されない代謝性医薬品,ベタイン,C
内,399,他に分類されない代謝性医薬品,ミグルスタット,C
内,399,他に分類されない代謝性医薬品,ミコフェノール酸　モフェチル,C
内,399,他に分類されない代謝性医薬品,ミゾリビン,C
内,399,他に分類されない代謝性医薬品,メトトレキサート,C
内,399,他に分類されない代謝性医薬品,ラクツロース,C
内,399,他に分類されない代謝性医薬品,ラロキシフェン塩酸塩,C
内,399,他に分類されない代謝性医薬品,レボカルニチン,C
内,421,アルキル化剤,シクロホスファミド水和物,C
内,421,アルキル化剤,テモゾロミド,C
内,422,代謝拮抗剤,カペシタビン,C
内,422,代謝拮抗剤,テガフール・ウラシル,C
内,422,代謝拮抗剤,メトトレキサート,C
内,422,代謝拮抗剤,メルカプトプリン水和物,C
内,424,抗腫瘍性植物成分製剤,エトポシド,C
内,429,その他の腫瘍用薬,アキシチニブ,C
内,429,その他の腫瘍用薬,アナストロゾール,C
内,429,その他の腫瘍用薬,アビラテロン酢酸エステル,C
内,429,その他の腫瘍用薬,アベマシクリブ,C
内,429,その他の腫瘍用薬,アレクチニブ塩酸塩,C
内,429,その他の腫瘍用薬,イマチニブメシル酸塩,C
内,429,その他の腫瘍用薬,エンコラフェニブ,C
内,429,その他の腫瘍用薬,エンザルタミド,C
内,429,その他の腫瘍用薬,オシメルチニブメシル酸塩,C
内,429,その他の腫瘍用薬,オラパリブ,B
内,429,その他の腫瘍用薬,ギルテリチニブフマル酸塩,C
内,429,抗ハンセン病剤,サリドマイド,C
内,429,その他の腫瘍用薬,セルペルカチニブ,C
内,429,その他の腫瘍用薬,ソトラシブ,C
内,429,その他の腫瘍用薬,ダサチニブ,C
内,429,その他の腫瘍用薬,ダブラフェニブメシル酸塩,C
内,429,その他の腫瘍用薬,タモキシフェンクエン酸塩,C
内,429,その他の腫瘍用薬,トラメチニブ　ジメチルスルホキシド付加物,C
内,429,その他の腫瘍用薬,トリフルリジン・チピラシル塩酸塩,C
内,429,その他の腫瘍用薬,トレチノイン,C
内,429,その他の腫瘍用薬,ニラパリブトシル酸塩水和物,C
内,429,その他の腫瘍用薬,パルボシクリブ,C
内,429,その他の腫瘍用薬,ビカルタミド,C
内,429,その他の腫瘍用薬,ベネトクラクス,C
内,429,その他の腫瘍用薬,ポマリドミド,C
内,429,その他の腫瘍用薬,レトロゾール,C
内,429,その他の腫瘍用薬,レナリドミド,C
内,429,その他の腫瘍用薬,レナリドミド水和物,C
内,429,その他の腫瘍用薬,レンバチニブメシル酸塩,C
内,430,放射性医薬品,ヨウ化ナトリウム（１３１Ｉ）,C
内,449,その他のアレルギー用薬,オロパタジン塩酸塩,C
内,449,その他のアレルギー用薬,スギ花粉エキス,C
内,449,その他のアレルギー用薬,ダニアレルゲンエキス,C
内,449,その他のアレルギー用薬,フェキソフェナジン塩酸塩,C
内,449,その他のアレルギー用薬,モンテルカストナトリウム,C
内,449,その他のアレルギー用薬,レボセチリジン塩酸塩,C
内,520,漢方製剤,茵ちん蒿湯エキス,C
内,612,主としてグラム陰性菌に作用する抗生物質製剤,カナマイシン一硫酸塩,C
内,613,主としてグラム陽性・陰性菌に作用する抗生物質製剤,アモキシシリン水和物,C
内,613,主としてグラム陽性・陰性菌に作用する抗生物質製剤,アモキシシリン水和物・クラブラン酸カリウム,C
内,613,主としてグラム陽性・陰性菌に作用する抗生物質製剤,セファクロル,C
内,613,主としてグラム陽性・陰性菌に作用する抗生物質製剤,セファレキシン,C
内,613,主としてグラム陽性・陰性菌に作用する抗生物質製剤,セフジトレン　ピボキシル,C
内,613,主としてグラム陽性・陰性菌に作用する抗生物質製剤,テビペネム　ピボキシル,C
内,613,主としてグラム陽性・陰性菌に作用する抗生物質製剤,ファロペネムナトリウム水和物,C
内,614,主としてグラム陽性菌，マイコプラズマに作用する抗生物質製剤,アジスロマイシン水和物,C
内,614,主としてグラム陽性菌，マイコプラズマに作用する抗生物質製剤,エリスロマイシン,C
内,614,主としてグラム陽性菌，マイコプラズマに作用する抗生物質製剤,クラリスロマイシン,C
内,615,主としてグラム陽性・陰性菌，リケッチア，クラミジアに作用する抗生物質製剤,ミノサイクリン塩酸塩,C
内,616,主として抗酸菌に作用する抗生物質製剤,リファンピシン,C
内,617,主としてカビに作用する抗生物質製剤,アムホテリシンＢ,C
内,617,主としてカビに作用する抗生物質製剤,ボリコナゾール,C
内,619,その他の抗生物質製剤（複合抗生物質製剤を含む。）,リファキシミン,C
内,621,サルファ剤,サラゾスルファピリジン,C
内,622,抗結核剤,エタンブトール塩酸塩,C
内,622,抗結核剤,ピラジナミド,C
内,623,抗ハンセン病剤,クロファジミン,C
内,624,合成抗菌剤,シタフロキサシン水和物,C
内,624,合成抗菌剤,シプロフロキサシン塩酸塩,C
内,624,合成抗菌剤,トスフロキサシントシル酸塩水和物,C
内,624,合成抗菌剤,レボフロキサシン水和物,C
内,625,抗ウイルス剤,アシクロビル,C
内,625,抗ウイルス剤,エンテカビル水和物,C
内,625,抗ウイルス剤,オセルタミビルリン酸塩,C
内,625,抗ウイルス剤,グレカプレビル水和物・ピブレンタスビル,C
内,625,抗ウイルス剤,ソホスブビル・ベルパタスビル,C
内,625,抗ウイルス剤,テノホビル　アラフェナミドフマル酸塩,C
内,625,抗ウイルス剤,バラシクロビル塩酸塩,C
内,625,抗ウイルス剤,バラシクロビル塩酸塩水和物,C
内,625,抗ウイルス剤,レテルモビル,C
内,629,その他の化学療法剤,アトバコン,C
内,629,その他の化学療法剤,イトラコナゾール,C
内,629,その他の化学療法剤,スルファメトキサゾール・トリメトプリム,C
内,629,その他の化学療法剤,フルコナゾール,C
内,631,ワクチン類,経口弱毒生ヒトロタウイルスワクチン,C
内,631,ワクチン類,５価経口弱毒生ロタウイルスワクチン,C
内,641,抗原虫剤,メトロニダゾール,C
内,721,Ｘ線造影剤,アミドトリゾ酸ナトリウムメグルミン,C
内,721,Ｘ線造影剤,硫酸バリウム,C
内,722,機能検査用試薬,メチラポン,C
内,799,他に分類されない治療を主目的としない医薬品,ナトリウム・カリウム・アスコルビン酸配合剤,C
内,811,あへんアルカロイド系麻薬,オキシコドン塩酸塩水和物,C
内,811,あへんアルカロイド系麻薬,ヒドロモルフォン塩酸塩,C
内,821,合成麻薬,メサドン塩酸塩,C
注,111,全身麻酔剤,レミマゾラムベシル酸塩,C
注,113,抗てんかん剤,ペランパネル水和物,C
注,113,抗てんかん剤,ラコサミド,C
注,229,その他の呼吸器官用薬,メポリズマブ（遺伝子組換え）,C
注,239,その他の消化器官用薬,ベドリズマブ（遺伝子組換え）,C
注,243,甲状腺，副甲状腺ホルモン剤,アバロパラチド酢酸塩,C
注,312,ビタミンＢ１剤,チアミン塩化物塩酸塩,C
注,313,ビタミンＢ剤（ビタミンＢ１剤を除く。）,ヒドロキソコバラミン酢酸塩,C
注,313,ビタミンＢ剤（ビタミンＢ１剤を除く。）,リボフラビンリン酸エステルナトリウム,C
注,314,ビタミンＣ剤,アスコルビン酸,C
注,319,その他のビタミン剤,ビオチン,C
注,331,血液代用剤,塩化ナトリウム,C
注,339,その他の血液・体液用薬,アンデキサネット　アルファ（遺伝子組換え）,C
注,339,その他の血液・体液用薬,トロメタモール,C
注,391,肝臓疾患用剤,デフィブロチドナトリウム,C
注,395,酵素製剤,アバルグルコシダーゼ　アルファ（遺伝子組換え）,C
注,395,酵素製剤,イデュルスルファーゼ　ベータ（遺伝子組換え）,C
注,395,酵素製剤,イデュルスルファーゼ（遺伝子組換え）,C
注,395,酵素製剤,エロスルファーゼ　アルファ（遺伝子組換え）,C
注,395,酵素製剤,オリプダーゼ　アルファ（遺伝子組換え）,C
注,395,酵素製剤,ガルスルファーゼ（遺伝子組換え）,C
注,395,酵素製剤,セベリパーゼ　アルファ（遺伝子組換え）,C
注,395,酵素製剤,セルリポナーゼ　アルファ（遺伝子組換え）,C
注,395,酵素製剤,パビナフスプ　アルファ（遺伝子組換え）,C
注,395,酵素製剤,ベストロニダーゼ　アルファ（遺伝子組換え）,C
注,395,酵素製剤,ラロニダーゼ（遺伝子組換え）,C
注,399,他に分類されない代謝性医薬品,アニフロルマブ（遺伝子組換え）,C
注,399,他に分類されない代謝性医薬品,Ｌ－アルギニン塩酸塩,C
注,399,他に分類されない代謝性医薬品,精製ヒアルロン酸ナトリウム,C
注,399,他に分類されない代謝性医薬品,メトトレキサート,C
注,399,他に分類されない代謝性医薬品,レボカルニチン,C
注,421,アルキル化剤,ベンダムスチン塩酸塩,C
注,423,抗腫瘍性抗生物質製剤,イノツズマブ　オゾガマイシン（遺伝子組換え）,C
注,423,抗腫瘍性抗生物質製剤,ゲムツズマブオゾガマイシン（遺伝子組換え）,C
注,429,その他の腫瘍用薬,ブリナツモマブ（遺伝子組換え）,C
注,429,その他の腫瘍用薬,ブレンツキシマブ　ベドチン（遺伝子組換え）,C
注,429,その他の腫瘍用薬,ルテチウムオキソドトレオチド（１７７Ｌｕ）,C
注,611,主としてグラム陽性菌に作用する抗生物質製剤,ベンジルペニシリンベンザチン水和物,C
注,625,抗ウイルス剤,ペラミビル水和物,C
注,632,ワクチン類,沈降破傷風トキソイド,C
注,722,機能検査用試薬,インドシアニングリーン,C
外,239,その他の消化器官用薬,メサラジン,C
外,245,副腎ホルモン剤,ベタメタゾン,C
外,247,卵胞ホルモン及び黄体ホルモン剤,プロゲステロン,C
注,634,血液製剤類,人血清アルブミン,C
注,111,全身麻酔剤,ケタミン塩酸塩,C
注,111,全身麻酔剤,チアミラールナトリウム,C
注,112,催眠鎮静剤，抗不安剤,ジアゼパム,C
注,112,催眠鎮静剤，抗不安剤,デクスメデトミジン塩酸塩,C
注,113,抗てんかん剤,フェニトインナトリウム,C
注,113,抗てんかん剤,フェノバルビタールナトリウム,C
注,113,抗てんかん剤,ホスフェニトインナトリウム水和物,C
注,113,抗てんかん剤,ミダゾラム,C
注,113,抗てんかん剤,レベチラセタム,C
注,113,抗てんかん剤,ロラゼパム,C
注,114,解熱鎮痛消炎剤,アセトアミノフェン,C
注,114,解熱鎮痛消炎剤,サリチル酸ナトリウム・ジブカイン配合剤,C
注,117,精神神経用剤,ハロペリドール,C
注,119,その他の中枢神経系用薬,エダラボン,C
注,121,局所麻酔剤,塩酸レボブピバカイン,C
注,121,局所麻酔剤,ブピバカイン塩酸塩水和物,C
注,121,局所麻酔剤,プロカイン塩酸塩,C
注,121,局所麻酔剤,メピバカイン塩酸塩,C
注,121,局所麻酔剤,リドカイン,C
注,121,局所麻酔剤,リドカイン塩酸塩,C
注,122,骨格筋弛緩剤,スキサメトニウム塩化物水和物,C
注,124,鎮けい剤,アトロピン硫酸塩水和物,C
注,124,その他の泌尿生殖器官及び肛門用薬,硫酸マグネシウム水和物・ブドウ糖,C
注,131,眼科用剤,アフリベルセプト（遺伝子組換え）,C
注,211,強心剤,オルプリノン塩酸塩水和物,C
注,211,強心剤,ジゴキシン,C
注,211,強心剤,ドブタミン塩酸塩,C
注,211,強心剤,ミルリノン,C
注,211,強心剤,無水カフェイン,C
注,212,不整脈用剤,アミオダロン塩酸塩,C
注,212,不整脈用剤,シベンゾリンコハク酸塩,C
注,212,不整脈用剤,ピルシカイニド塩酸塩水和物,C
注,212,不整脈用剤,ランジオロール塩酸塩,C
注,213,利尿剤,フロセミド,C
注,214,血圧降下剤,ニカルジピン塩酸塩,C
注,217,血管拡張剤,カルペリチド（遺伝子組換え）,C
注,217,血管拡張剤,硝酸イソソルビド,C
注,217,血管拡張剤,ニコランジル,C
注,217,血管拡張剤,ニトログリセリン,C
注,218,高脂血症用剤,インクリシランナトリウム,C
注,218,高脂血症用剤,エボロクマブ（遺伝子組換え）,C
注,219,その他の循環器官用薬,アルプロスタジル　アルファデクス,C
注,219,その他の循環器官用薬,エポプロステノールナトリウム,C
注,219,その他の循環器官用薬,濃グリセリン・果糖,C
注,219,その他の循環器官用薬,ファスジル塩酸塩水和物,C
注,219,その他の循環器官用薬,Ｄ－マンニトール,C
注,221,呼吸促進剤,ナロキソン塩酸塩,C
注,229,その他の呼吸器官用薬,オマリズマブ（遺伝子組換え）,C
注,232,消化性潰瘍用剤,オメプラゾールナトリウム,C
注,236,利胆剤,デヒドロコール酸,C
注,239,その他の消化器官用薬,インフリキシマブ（遺伝子組換え）,C
注,239,その他の消化器官用薬,オンダンセトロン塩酸塩水和物,C
注,239,その他の消化器官用薬,メトクロプラミド,C
注,241,脳下垂体ホルモン剤,オキシトシン,C
注,241,脳下垂体ホルモン剤,テトラコサクチド酢酸塩,C
注,241,脳下垂体ホルモン剤,ヒト絨毛性性腺刺激ホルモン,C
注,241,脳下垂体ホルモン剤,ホリトロピンアルファ（遺伝子組換え）,C
注,243,甲状腺，副甲状腺ホルモン剤,テリパラチド（遺伝子組換え）,C
注,243,甲状腺，副甲状腺ホルモン剤,テリパラチド酢酸塩,C
注,245,副腎ホルモン剤,デキサメタゾンパルミチン酸エステル,C
注,245,副腎ホルモン剤,デキサメタゾンリン酸エステルナトリウム,C
注,245,副腎ホルモン剤,ヒドロコルチゾンコハク酸エステルナトリウム,C
注,245,副腎ホルモン剤,プレドニゾロンコハク酸エステルナトリウム,C
注,245,副腎ホルモン剤,メチルプレドニゾロンコハク酸エステルナトリウム,C
注,246,男性ホルモン剤,テストステロンエナント酸エステル,C
注,249,その他のホルモン剤（抗ホルモン剤を含む。）,インスリン　ヒト（遺伝子組換え）,C
注,249,その他のホルモン剤（抗ホルモン剤を含む。）,インスリンアスパルト（遺伝子組換え）,C
注,249,その他のホルモン剤（抗ホルモン剤を含む。）,インスリングラルギン（遺伝子組換え）,C
注,249,その他のホルモン剤（抗ホルモン剤を含む。）,インスリンデグルデク（遺伝子組換え）,C
注,249,その他のホルモン剤（抗ホルモン剤を含む。）,インスリンデテミル（遺伝子組換え）,C
注,249,その他のホルモン剤（抗ホルモン剤を含む。）,インスリンリスプロ（遺伝子組換え）,C
注,249,その他のホルモン剤（抗ホルモン剤を含む。）,ゴセレリン酢酸塩,C
注,249,その他のホルモン剤（抗ホルモン剤を含む。）,ジノプロスト,C
注,249,その他のホルモン剤（抗ホルモン剤を含む。）,セマグルチド（遺伝子組換え）,C
注,249,その他のホルモン剤（抗ホルモン剤を含む。）,チルゼパチド,C
注,249,その他のホルモン剤（抗ホルモン剤を含む。）,デガレリクス酢酸塩,C
注,249,その他のホルモン剤（抗ホルモン剤を含む。）,デュラグルチド（遺伝子組換え）,C
注,249,その他のホルモン剤（抗ホルモン剤を含む。）,ランレオチド酢酸塩,C
注,249,その他のホルモン剤（抗ホルモン剤を含む。）,リュープロレリン酢酸塩,C
注,253,子宮収縮剤,メチルエルゴメトリンマレイン酸塩,C
注,255,痔疾用剤,硫酸アルミニウムカリウム水和物・タンニン酸,C
注,259,その他の泌尿生殖器官及び肛門用薬,リトドリン塩酸塩,C
注,259,その他の泌尿生殖器官及び肛門用薬,硫酸マグネシウム水和物・ブドウ糖,C
注,311,ビタミンＡ及びＤ剤,カルシトリオール,C
注,311,ビタミンＡ及びＤ剤,マキサカルシトール,C
注,313,ビタミンＢ剤（ビタミンＢ１剤を除く。）,メコバラミン,C
注,316,ビタミンＫ剤,メナテトレノン,C
注,321,カルシウム剤,グルコン酸カルシウム水和物,C
注,322,無機質製剤,亜セレン酸ナトリウム,C
注,322,無機質製剤,塩化カリウム,C
注,322,無機質製剤,塩化マンガン・硫酸亜鉛水和物配合剤,C
注,323,糖類剤,高カロリー輸液用基本液,C
注,323,糖類剤,ブドウ糖,C
注,325,たん白アミノ酸製剤,アミノ酸・糖・電解質・ビタミン,C
注,325,たん白アミノ酸製剤,肝不全用アミノ酸製剤,C
注,325,たん白アミノ酸製剤,高カロリー輸液用総合アミノ酸製剤,C
注,329,その他の滋養強壮薬,ダイズ油,C
注,331,血液代用剤,維持液,C
注,331,血液代用剤,生理食塩液,C
注,331,血液代用剤,乳酸リンゲル,C
注,331,血液代用剤,リン酸水素ナトリウム水和物・リン酸二水素ナトリウム水和物,C
注,332,止血剤,トラネキサム酸,C
注,332,止血剤,プロタミン硫酸塩,C
注,332,止血剤,ポリドカノール,C
注,333,血液凝固阻止剤,ダルテパリンナトリウム,C
注,333,血液凝固阻止剤,トロンボモデュリンアルファ（遺伝子組換え）,C
注,333,血液凝固阻止剤,ヘパリンカルシウム,C
注,333,血液凝固阻止剤,ヘパリンナトリウム,C
注,339,その他の血液・体液用薬,フィルグラスチム（遺伝子組換え）,C
注,339,その他の血液・体液用薬,ペグフィルグラスチム（遺伝子組換え）,C
注,341,人工腎臓透析用剤,人工透析液,C
注,342,腹膜透析用剤,腹膜透析液,C
注,392,解毒剤,グルカルピダーゼ（遺伝子組換え）,C
注,392,解毒剤,炭酸水素ナトリウム,C
注,392,解毒剤,チオ硫酸ナトリウム水和物,C
注,392,解毒剤,プラリドキシムヨウ化物,C
注,392,解毒剤,ホリナートカルシウム,C
注,392,解毒剤,メスナ,C
注,392,解毒剤,メチルチオニニウム塩化物水和物,C
注,392,解毒剤,レボホリナートカルシウム,C
注,395,酵素製剤,アルテプラーゼ（遺伝子組換え）,C
注,395,酵素製剤,モンテプラーゼ（遺伝子組換え）,C
注,399,他に分類されない代謝性医薬品,アダリムマブ（遺伝子組換え）,C
注,399,他に分類されない代謝性医薬品,アバタセプト（遺伝子組換え）,C
注,399,他に分類されない代謝性医薬品,エタネルセプト（遺伝子組換え）,C
注,399,他に分類されない代謝性医薬品,エテルカルセチド塩酸塩,C
注,399,他に分類されない代謝性医薬品,エポエチン　ベータ　ペゴル（遺伝子組換え）,C
注,399,他に分類されない代謝性医薬品,エポエチンアルファ（遺伝子組換え）,C
注,399,他に分類されない代謝性医薬品,エポエチンベータ（遺伝子組換え）,C
注,399,他に分類されない代謝性医薬品,カナキヌマブ（遺伝子組換え）,C
注,399,他に分類されない代謝性医薬品,ガベキサートメシル酸塩,C
注,399,他に分類されない代謝性医薬品,グスペリムス塩酸塩,C
注,399,他に分類されない代謝性医薬品,サリルマブ（遺伝子組換え）,C
注,399,他に分類されない代謝性医薬品,シクロスポリン,C
注,399,他に分類されない代謝性医薬品,ゾレドロン酸水和物,C
注,399,他に分類されない代謝性医薬品,タクロリムス水和物,C
注,399,他に分類されない代謝性医薬品,デノスマブ（遺伝子組換え）,C
注,399,他に分類されない代謝性医薬品,ナファモスタットメシル酸塩,C
注,399,他に分類されない代謝性医薬品,パミドロン酸二ナトリウム水和物,C
注,399,他に分類されない代謝性医薬品,ビメキズマブ（遺伝子組換え）,C
注,399,他に分類されない代謝性医薬品,ブロスマブ（遺伝子組換え）,C
注,399,他に分類されない代謝性医薬品,ロミプロスチム（遺伝子組換え）,C
注,399,他に分類されない代謝性医薬品,ロモソズマブ（遺伝子組換え）,C
注,421,アルキル化剤,イホスファミド,C
注,421,アルキル化剤,シクロホスファミド水和物,C
注,421,アルキル化剤,ダカルバジン,C
注,421,アルキル化剤,チオテパ,C
注,421,アルキル化剤,メルファラン,C
注,421,アルキル化剤,ラニムスチン,C
注,422,代謝拮抗剤,ゲムシタビン塩酸塩,C
注,422,代謝拮抗剤,シタラビン,C
注,422,代謝拮抗剤,フルオロウラシル,C
注,422,代謝拮抗剤,ペメトレキセドナトリウムヘミペンタ水和物,C
注,423,抗腫瘍性抗生物質製剤,アクチノマイシンＤ,C
注,423,抗腫瘍性抗生物質製剤,アムルビシン塩酸塩,C
注,423,抗腫瘍性抗生物質製剤,エピルビシン塩酸塩,C
注,423,抗腫瘍性抗生物質製剤,ダウノルビシン塩酸塩,C
注,423,抗腫瘍性抗生物質製剤,ドキソルビシン塩酸塩,C
注,423,抗腫瘍性抗生物質製剤,ブレオマイシン塩酸塩,C
注,424,抗腫瘍性植物成分製剤,イリノテカン塩酸塩水和物,C
注,424,抗腫瘍性植物成分製剤,エトポシド,C
注,424,抗腫瘍性植物成分製剤,ドセタキセル水和物,C
注,424,抗腫瘍性植物成分製剤,ノギテカン塩酸塩,C
注,424,抗腫瘍性植物成分製剤,パクリタキセル,C
注,424,抗腫瘍性植物成分製剤,ビノレルビン酒石酸塩,C
注,424,抗腫瘍性植物成分製剤,ビンクリスチン硫酸塩,C
注,424,抗腫瘍性植物成分製剤,ビンブラスチン硫酸塩,C
注,429,その他の腫瘍用薬,アザシチジン,C
注,429,その他の腫瘍用薬,アテゾリズマブ（遺伝子組換え）,C
注,429,その他の腫瘍用薬,アミバンタマブ（遺伝子組換え）,C
注,429,その他の腫瘍用薬,イピリムマブ（遺伝子組換え）,C
注,429,その他の腫瘍用薬,エリブリンメシル酸塩,C
注,429,その他の腫瘍用薬,オキサリプラチン,C
注,429,その他の腫瘍用薬,カルボプラチン,C
注,429,その他の腫瘍用薬,三酸化二ヒ素,C
注,429,その他の腫瘍用薬,シスプラチン,C
注,429,その他の腫瘍用薬,セツキシマブ（遺伝子組換え）,C
注,429,その他の腫瘍用薬,ゾルベツキシマブ（遺伝子組換え）,C
注,429,その他の腫瘍用薬,デュルバルマブ（遺伝子組換え）,C
注,429,その他の腫瘍用薬,トラスツズマブ　エムタンシン（遺伝子組換え）,B
注,429,その他の腫瘍用薬,トラスツズマブ　デルクステカン（遺伝子組換え）,C
注,429,その他の腫瘍用薬,トラスツズマブ（遺伝子組換え）,C
注,429,その他の腫瘍用薬,トラベクテジン,C
注,429,その他の腫瘍用薬,ニボルマブ（遺伝子組換え）,C
注,429,その他の腫瘍用薬,ネダプラチン,C
注,429,その他の腫瘍用薬,フルベストラント,C
注,429,その他の腫瘍用薬,ベバシズマブ（遺伝子組換え）,C
注,429,その他の腫瘍用薬,ペムブロリズマブ（遺伝子組換え）,C
注,429,その他の腫瘍用薬,ペルツズマブ（遺伝子組換え）,C
注,429,その他の腫瘍用薬,ポラツズマブ　ベドチン（遺伝子組換え）,C
注,429,その他の腫瘍用薬,ボルテゾミブ,C
注,429,その他の腫瘍用薬,ミトキサントロン塩酸塩,C
注,429,その他の腫瘍用薬,３－ヨードベンジルグアニジン（１３１Ｉ）,C
注,429,その他の腫瘍用薬,ラムシルマブ（遺伝子組換え）,C
注,429,その他の腫瘍用薬,リツキシマブ（遺伝子組換え）,C
注,430,放射性医薬品,イオフルパン（１２３Ｉ）,C
注,430,放射性医薬品,エチレンジシスティネートオキソテクネチウム（９９ｍＴｃ）,C
注,430,放射性医薬品,塩化タリウム（２０１Ｔｌ）,C
注,430,放射性医薬品,塩酸Ｎ－イソプロピル－４－ヨードアンフェタミン（１２３Ｉ）,C
注,430,放射性医薬品,過テクネチウム酸ナトリウム（９９ｍＴｃ）,C
注,430,放射性医薬品,ガラクトシル人血清アルブミンジエチレントリアミン五酢酸テクネチウム（９９ｍＴｃ）,C
注,430,放射性医薬品,ジメルカプトコハク酸テクネチウム（９９ｍＴｃ）,C
注,430,放射性医薬品,テクネチウム大凝集人血清アルブミン（９９ｍＴｃ）,C
注,430,放射性医薬品,テトロホスミンテクネチウム（９９ｍＴｃ）,C
注,430,放射性医薬品,ヒドロキシメチレンジホスホン酸テクネチウム（９９ｍＴｃ）,C
注,430,放射性医薬品,Ｎ－ピリドキシル－５－メチルトリプトファンテクネチウム（９９ｍＴｃ）,C
注,430,放射性医薬品,フルシクロビン（１８Ｆ）,C
注,430,放射性医薬品,フルテメタモル（１８Ｆ）,C
注,430,放射性医薬品,フロルベタピル（１８Ｆ）,C
注,430,放射性医薬品,ヘキサキスメトキシイソブチルイソニトリルテクネチウム（９９ｍＴｃ）,C
注,430,放射性医薬品,ペンテトレオチド・塩化インジウム（１１１Ｉｎ）,C
注,430,放射性医薬品,メチレンジホスホン酸テクネチウム（９９ｍＴｃ）,C
注,430,放射性医薬品,３－ヨードベンジルグアニジン（１２３Ｉ）,C
注,449,その他のアレルギー用薬,デュピルマブ（遺伝子組換え）,C
注,611,主としてグラム陽性菌に作用するもの,テイコプラニン,C
注,611,主としてグラム陽性菌に作用する抗生物質製剤,ベンジルペニシリンカリウム,C
注,612,主としてグラム陰性菌に作用する抗生物質製剤,アズトレオナム,C
注,612,主としてグラム陰性菌に作用する抗生物質製剤,アミカシン硫酸塩,C
注,612,主としてグラム陰性菌に作用する抗生物質製剤,コリスチンメタンスルホン酸ナトリウム,C
注,612,主としてグラム陰性菌に作用する抗生物質製剤,スペクチノマイシン塩酸塩水和物,C
注,612,主としてグラム陰性菌に作用するもの,チゲサイクリン,C
注,613,主としてグラム陽性・陰性菌に作用する抗生物質製剤,アンピシリンナトリウム,C
注,613,主としてグラム陽性・陰性菌に作用する抗生物質製剤,ゲンタマイシン硫酸塩,C
注,613,主としてグラム陽性・陰性菌に作用する抗生物質製剤,セフェピム塩酸塩水和物,C
注,613,主としてグラム陽性・陰性菌に作用する抗生物質製剤,セフォタキシムナトリウム,C
注,613,主としてグラム陽性・陰性菌に作用する抗生物質製剤,フロモキセフナトリウム,C
注,614,主としてグラム陽性菌，マイコプラズマに作用する抗生物質製剤,アジスロマイシン水和物,C
注,615,主としてグラム陽性・陰性菌，リケッチア，クラミジアに作用する抗生物質製剤,ミノサイクリン塩酸塩,C
注,617,主としてカビに作用する抗生物質製剤,アムホテリシンＢ,B
注,617,主としてカビに作用する抗生物質製剤,ボリコナゾール,C
注,617,主としてカビに作用する抗生物質製剤,ミカファンギンナトリウム,C
注,624,合成抗菌剤,シプロフロキサシン,C
注,624,合成抗菌剤,レボフロキサシン水和物,C
注,625,抗ウイルス剤,アシクロビル,C
注,625,抗ウイルス剤,ガンシクロビル,C
注,625,抗ウイルス剤,パリビズマブ（遺伝子組換え）,C
注,625,抗ウイルス剤,ホスカルネットナトリウム水和物,C
注,629,その他の化学療法剤,フルコナゾール,C
注,631,ワクチン類,乾燥弱毒生麻しんワクチン,C
注,631,ワクチン類,乾燥組織培養不活化狂犬病ワクチン,C
注,631,ワクチン類,組換えＲＳウイルスワクチン,C
注,631,ワクチン類,組換え沈降２価ヒトパピローマウイルス様粒子ワクチン,C
注,631,ワクチン類,組換え沈降４価ヒトパピローマウイルス様粒子ワクチン,C
注,631,ワクチン類,組織培養不活化ダニ媒介性脳炎ワクチン,C
注,631,ワクチン類,沈降１５価肺炎球菌結合型ワクチン,C
注,631,ワクチン類,肺炎球菌ワクチン,C
注,634,血液製剤類,乾燥抗Ｄ（Ｒｈｏ）人免疫グロブリン,C
注,634,血液製剤類,乾燥濃縮人アンチトロンビンⅢ,C
注,634,血液製剤類,乾燥濃縮人血液凝固第Ⅸ因子,C
注,634,血液製剤類,乾燥濃縮人血液凝固第Ⅹ因子加活性化第Ⅶ因子,C
注,634,血液製剤類,乾燥濃縮人血液凝固第Ⅷ因子,C
注,634,血液製剤類,乾燥濃縮人Ｃ１－インアクチベーター,C
注,634,血液製剤類,乾燥濃縮人プロテインＣ,C
注,634,血液製剤類,乾燥濃縮人プロトロンビン複合体,C
注,634,血液製剤類,乾燥人血液凝固第Ⅸ因子複合体,C
注,634,血液製剤類,新鮮凍結人血漿,C
注,634,血液製剤類,ノナコグアルファ（遺伝子組換え）,C
注,634,血液製剤類,人血小板濃厚液,C
注,634,血液製剤類,人赤血球液,C
注,634,血液製剤類,人ハプトグロビン,C
注,634,血液製剤類,ルリオクトコグ　アルファ　ペゴル（遺伝子組換え）,C
注,636,混合生物学的製剤,沈降精製百日せきジフテリア破傷風混合ワクチン,C
注,639,その他の生物学的製剤,エクリズマブ（遺伝子組換え）,C
注,639,その他の生物学的製剤,トシリズマブ（遺伝子組換え）,C
注,639,その他の生物学的製剤,バシリキシマブ（遺伝子組換え）,C
注,639,その他の生物学的製剤,ラブリズマブ（遺伝子組換え）,C
注,641,抗原虫剤,メトロニダゾール,C
注,721,Ｘ線造影剤,アミドトリゾ酸ナトリウムメグルミン,C
注,721,Ｘ線造影剤,イオジキサノール,C
注,721,Ｘ線造影剤,イオトロラン,C
注,721,Ｘ線造影剤,イオパミドール,C
注,721,Ｘ線造影剤,イオプロミド,C
注,721,Ｘ線造影剤,イオヘキソール,C
注,721,Ｘ線造影剤,イオベルソール,C
注,721,Ｘ線造影剤,イオメプロール,C
注,721,Ｘ線造影剤,ヨード化ケシ油脂肪酸エチルエステル,C
注,729,その他の診断用薬（体外診断用医薬品を除く。）,ガドキセト酸ナトリウム,C
注,729,その他の診断用薬（体外診断用医薬品を除く。）,ガドテリドール,C
注,729,その他の診断用薬（体外診断用医薬品を除く。）,ガドテル酸メグルミン,C
注,729,その他の診断用薬（体外診断用医薬品を除く。）,ガドブトロール,C
注,729,その他の診断用薬（体外診断用医薬品を除く。）,フェルカルボトラン,C
注,729,その他の診断用薬（体外診断用医薬品を除く。）,フルオレセイン,C
注,729,その他の診断用薬（体外診断用医薬品を除く。）,ペルフルブタン,C
注,799,他に分類されない治療を主目的としない医薬品,塩化ナトリウム・塩化カリウム配合剤,C
注,811,あへんアルカロイド系麻薬,オキシコドン塩酸塩水和物,C
注,811,あへんアルカロイド系麻薬,ヒドロモルフォン塩酸塩,C
注,811,あへんアルカロイド系麻薬,モルヒネ塩酸塩水和物,C
注,821,合成麻薬,フェンタニルクエン酸塩,C
注,821,合成麻薬,ペチジン塩酸塩,C
注,821,合成麻薬,レミフェンタニル塩酸塩,C
外,111,全身麻酔剤,イソフルラン,C
外,111,全身麻酔剤,セボフルラン,C
外,111,合成麻薬,デスフルラン,C
外,114,解熱鎮痛消炎剤,ジクロフェナクナトリウム,C
外,114,解熱鎮痛消炎剤,ブプレノルフィン,C
外,121,局所麻酔剤,リドカイン,C
外,121,局所麻酔剤,リドカイン塩酸塩,C
外,131,眼科用剤,アシクロビル,C
外,131,眼科用剤,オキシグルタチオン,C
外,131,眼科用剤,オキシブプロカイン塩酸塩,C
外,131,眼科用剤,ガチフロキサシン水和物,C
外,131,眼科用剤,システアミン塩酸塩,C
外,131,眼科用剤,精製ヒアルロン酸ナトリウム,C
外,131,眼科用剤,ピマリシン,C
外,131,眼科用剤,ポリビニルアルコールヨウ素,C
外,132,耳鼻科用剤,オフロキサシン,C
外,132,耳鼻科用剤,フルチカゾンフランカルボン酸エステル,C
外,132,耳鼻科用剤,モメタゾンフランカルボン酸エステル水和物,C
外,214,不整脈用剤,ビソプロロール,C
外,219,その他の循環器官用薬,一酸化窒素,C
外,221,呼吸促進剤,肺サーファクタント,C
外,225,吸入用気管支拡張剤,ｄｌ－イソプレナリン塩酸塩,C
外,225,気管支拡張剤,イプラトロピウム臭化物水和物,C
外,225,気管支拡張剤,インダカテロールマレイン酸塩,C
外,225,気管支拡張剤,クロモグリク酸ナトリウム,C
外,225,気管支拡張剤,サルブタモール硫酸塩,C
外,225,気管支拡張剤,チオトロピウム臭化物水和物,C
外,225,気管支拡張剤,チオトロピウム臭化物水和物・オロダテロール塩酸塩,C
外,225,気管支拡張剤,プロカテロール塩酸塩水和物,C
外,229,その他の呼吸器官用薬,サルメテロールキシナホ酸塩・フルチカゾンプロピオン酸エステル,C
外,229,その他の呼吸器官用薬,シクレソニド,C
外,229,その他の呼吸器官用薬,ブデソニド・ホルモテロールフマル酸塩水和物,C
外,229,その他の呼吸器官用薬,フルチカゾンプロピオン酸エステル,C
外,241,脳下垂体ホルモン剤,デスモプレシン酢酸塩水和物,C
外,247,卵胞ホルモン及び黄体ホルモン剤,エストラジオール,C
外,248,混合ホルモン剤,エストラジオール・酢酸ノルエチステロン,C
外,249,その他のホルモン剤（抗ホルモン剤を含む。）,グルカゴン,C
外,249,その他のホルモン剤（抗ホルモン剤を含む。）,ブセレリン酢酸塩,C
外,252,生殖器官用剤（性病予防剤を含む。）,レボノルゲストレル,C
外,255,痔疾用剤,大腸菌死菌・ヒドロコルチゾン,C
外,255,痔疾用剤,リドカイン配合剤,C
外,261,外皮用殺菌消毒剤,消毒用エタノール,C
外,264,鎮痛，鎮痒，収斂，消炎剤,クロベタゾン酪酸エステル,C
外,264,鎮痛，鎮痒，収斂，消炎剤,ケトプロフェン,C
外,264,鎮痛，鎮痒，収斂，消炎剤,酸化亜鉛,C
外,264,鎮痛，鎮痒，収斂，消炎剤,デプロドンプロピオン酸エステル,C
外,264,鎮痛，鎮痒，収斂，消炎剤,ベタメタゾン酪酸エステルプロピオン酸エステル,C
外,265,寄生性皮ふ疾患用剤,ケトコナゾール,C
外,269,その他の外皮用薬,精製白糖・ポビドンヨード,C
外,333,血液凝固阻止剤,ヘパリン類似物質,C
外,634,血液製剤類,フィブリノゲン配合剤,C
外,712,軟膏基剤,白色ワセリン,C
外,721,Ｘ線造影剤,硫酸バリウム,C
外,811,あへんアルカロイド系麻薬,モルヒネ塩酸塩水和物,C
外,821,合成麻薬,フェンタニルクエン酸塩,C
外,634,血液製剤類,フィブリノゲン加第ⅩⅢ因子,C
外,217,血管拡張剤,亜硝酸アミル,C
外,229,その他の呼吸器官用薬,フルチカゾンプロピオン酸エステル・ホルモテロールフマル酸塩水和物,C
外,264,鎮痛，鎮痒，収斂，消炎剤,ベタメタゾン吉草酸エステル,C
外,631,ワクチン類,経鼻弱毒生インフルエンザワクチン,C
